 Raspberry pi pico  ,1,5,5,https://fr.aliexpress.com/item/1005008244091735.html?spm=a2g0o.productlist.main.33.62feCDvDCDvDRi&algo_pvid=e6216b53-38a4-4b0d-8471-063a85627114&algo_exp_id=e6216b53-38a4-4b0d-8471-063a85627114-16&pdp_ext_f=%7B%22order%22%3A%22122%22%2C%22eval%22%3A%221%22%7D&pdp_npi=4%40dis%21EUR%211.64%211.64%21%21%2112.90%2112.89%21%40210385a817439228228155974e6f71%2112000044353611082%21sea%21FR%212048486615%21X&curPageLogUid=fpn5O6BkZJKw&utparam-url=scene%3Asearch%7Cquery_from%3A
 Linear rail MGN12H 300mm ,2,12,24,https://fr.aliexpress.com/item/1005003696820721.html?spm=a2g0o.productlist.main.5.2b4671c6B6AyyA&algo_pvid=53b7209d-5459-4372-be57-56b8f903ad82&algo_exp_id=53b7209d-5459-4372-be57-56b8f903ad82-2&pdp_ext_f=%7B%22order%22%3A%22733%22%2C%22eval%22%3A%221%22%7D&pdp_npi=4%40dis%21EUR%2111.22%217.29%21%21%2112.13%217.88%21%40210390c217439228446001528e6bca%2112000026841821319%21sea%21FR%212048486615%21X&curPageLogUid=MELm0o6Dsymm&utparam-url=scene%3Asearch%7Cquery_from%3A
 M3*8 screws ,50,2,2,https://fr.aliexpress.com/item/32810872544.html?spm=a2g0o.productlist.main.7.1d69412bvSH4Cx&aem_p4p_detail=2025040600010640756897435980013805464&algo_pvid=659260cb-33d0-4946-ba20-d83014f90ca0&algo_exp_id=659260cb-33d0-4946-ba20-d83014f90ca0-3&pdp_ext_f=%7B%22order%22%3A%2218377%22%2C%22eval%22%3A%221%22%7D&pdp_npi=4%40dis%21EUR%211.56%211.56%21%21%211.69%211.69%21%402103956b17439228661434016e24e9%2112000037536050577%21sea%21FR%212048486615%21X&curPageLogUid=4qoV2do5QK1p&utparam-url=scene%3Asearch%7Cquery_from%3A&search_p4p_id=2025040600010640756897435980013805464_1
 M3 T nuts,20,3,0,https://fr.aliexpress.com/item/32788058829.html?spm=a2g0o.productlist.main.27.2079285f8XhaKx&algo_pvid=f1421ba4-0594-4ad0-bd8b-ae99450d2068&algo_exp_id=f1421ba4-0594-4ad0-bd8b-ae99450d2068-13&pdp_ext_f=%7B%22order%22%3A%22652%22%2C%22eval%22%3A%221%22%7D&pdp_npi=4%40dis%21EUR%211.72%211.72%21%21%211.86%211.86%21%40211b876e17439228901471234e4fdc%2112000025399222710%21sea%21FR%212048486615%21X&curPageLogUid=4EC9CBPrxgUR&utparam-url=scene%3Asearch%7Cquery_from%3A
 M5*16 screws ,8,2,2,https://fr.aliexpress.com/item/1005005879037174.html?spm=a2g0o.productlist.main.23.23c91925BdBD6g&aem_p4p_detail=202504060002398816350456648160012133187&algo_pvid=64c588e6-52fa-493a-b6f6-d71efcc751fb&algo_exp_id=64c588e6-52fa-493a-b6f6-d71efcc751fb-11&pdp_ext_f=%7B%22order%22%3A%226944%22%2C%22eval%22%3A%221%22%7D&pdp_npi=4%40dis%21EUR%211.10%211.10%21%21%211.19%211.19%21%40211b81a317439229594244571e9d53%2112000034679037239%21sea%21FR%212048486615%21X&curPageLogUid=vQ3azLTtOQR2&utparam-url=scene%3Asearch%7Cquery_from%3A&search_p4p_id=202504060002398816350456648160012133187_3
 M6*12 screws ,2,3,6,
 M4*12 screws ,5,2,10,
 Nema 17 gearbox 1:51 ,2,20,40,https://fr.aliexpress.com/item/1005008063969593.html?spm=a2g0o.productlist.main.3.3f6c1336Vncc3F&algo_pvid=4e2f6d78-6c42-48ed-a418-7d932dc8e9cf&algo_exp_id=4e2f6d78-6c42-48ed-a418-7d932dc8e9cf-1&pdp_ext_f=%7B%22order%22%3A%226%22%2C%22eval%22%3A%221%22%7D&pdp_npi=4%40dis%21EUR%2116.47%216.59%21%21%21129.18%2151.69%21%40211b61d017439231331142936e9eec%2112000043507777942%21sea%21FR%212048486615%21X&curPageLogUid=31hhvk0feFdU&utparam-url=scene%3Asearch%7Cquery_from%3A
 24V membrane pump ,1,15,15,"https://fr.aliexpress.com/item/1005008493661821.html?spm=a2g0o.detail.pcDetailBottomMoreOtherSeller.16.5d259OQi9OQiQT&gps-id=pcDetailBottomMoreOtherSeller&scm=1007.40050.354490.0&scm_id=1007.40050.354490.0&scm-url=1007.40050.354490.0&pvid=47e3bf1e-c18a-4fc1-9605-a1b399ed2023&_t=gps-id:pcDetailBottomMoreOtherSeller,scm-url:1007.40050.354490.0,pvid:47e3bf1e-c18a-4fc1-9605-a1b399ed2023,tpp_buckets:668%232846%238107%231934&pdp_ext_f=%7B%22order%22%3A%222%22%2C%22eval%22%3A%221%22%2C%22sceneId%22%3A%2230050%22%7D&pdp_npi=4%40dis%21EUR%2112.49%2112.49%21%21%2197.94%2197.94%21%40210384b917439232631331028e27b4%2112000045393584375%21rec%21FR%212048486615%21X&utparam-url=scene%3ApcDetailBottomMoreOtherSeller%7Cquery_from%3A"
 Filter cardridge ,4,2,8,https://fr.aliexpress.com/item/1005006706760484.html?spm=a2g0o.productlist.main.1.341a68895up8V3&algo_pvid=34ceab7f-4132-47b4-af44-0afb8c35fb78&algo_exp_id=34ceab7f-4132-47b4-af44-0afb8c35fb78-0&pdp_ext_f=%7B%22order%22%3A%22656%22%2C%22eval%22%3A%221%22%7D&pdp_npi=4%40dis%21EUR%2122.83%217.99%21%21%21179.06%2162.67%21%402103890117439233844616667e8c7a%2112000038060988853%21sea%21FR%212048486615%21X&curPageLogUid=DWmgbfXReumk&utparam-url=scene%3Asearch%7Cquery_from%3A
 Filter holder,1,15,15,"https://fr.aliexpress.com/item/1005007179471330.html?spm=a2g0o.detail.pcDetailTopMoreOtherSeller.3.3ecbs1Vbs1VbTu&gps-id=pcDetailTopMoreOtherSeller&scm=1007.40050.354490.0&scm_id=1007.40050.354490.0&scm-url=1007.40050.354490.0&pvid=f07442e7-6465-4ae8-baf7-d334d31d48f3&_t=gps-id:pcDetailTopMoreOtherSeller,scm-url:1007.40050.354490.0,pvid:f07442e7-6465-4ae8-baf7-d334d31d48f3,tpp_buckets:668%232846%238114%231999&pdp_ext_f=%7B%22order%22%3A%22300%22%2C%22eval%22%3A%221%22%2C%22sceneId%22%3A%2230050%22%7D&pdp_npi=4%40dis%21EUR%2113.99%2113.99%21%21%21109.72%21109.72%21%40210384b917439233891744626e27b4%2112000039718310458%21rec%21FR%212048486615%21XZ&utparam-url=scene%3ApcDetailTopMoreOtherSeller%7Cquery_from%3A"
Adapter 1/2-> 6mm,2,2,4,https://fr.aliexpress.com/item/1005002505807954.html?spm=a2g0o.productlist.main.19.41683c3cz0nClz&algo_pvid=241e7c22-c1e5-4105-adf5-db0baa569578&algo_exp_id=241e7c22-c1e5-4105-adf5-db0baa569578-9&pdp_ext_f=%7B%22order%22%3A%22100%22%2C%22eval%22%3A%221%22%7D&pdp_npi=4%40dis%21EUR%210.58%210.58%21%21%214.54%214.54%21%402103868817439235127433783e8b1e%2112000020919570603%21sea%21FR%212048486615%21X&curPageLogUid=rcVyhZipyeGD&utparam-url=scene%3Asearch%7Cquery_from%3A
Adapter m6-> 6mm,5,1,5,
 6mm pneumatic pipes (2m),1,2.5,2.5,https://fr.aliexpress.com/item/1005005444191688.html?spm=a2g0o.productlist.main.5.740d2d5c081RDQ&algo_pvid=0cb1a5de-a4fd-4da3-9a74-7dccf8c38f2b&algo_exp_id=0cb1a5de-a4fd-4da3-9a74-7dccf8c38f2b-2&pdp_ext_f=%7B%22order%22%3A%221081%22%2C%22eval%22%3A%221%22%7D&pdp_npi=4%40dis%21EUR%212.27%212.27%21%21%212.45%212.45%21%40211b815c17439239533846989e8516%2112000033164936949%21sea%21FR%212048486615%21X&curPageLogUid=1f1rkVePN7k4&utparam-url=scene%3Asearch%7Cquery_from%3A
 Waterblock ,1,8,8,https://fr.aliexpress.com/item/1005004478886659.html?spm=a2g0o.productlist.main.3.360b1f84cILlY7&algo_pvid=9c5bd5ff-9730-41b4-92ae-d064d18e3a36&algo_exp_id=9c5bd5ff-9730-41b4-92ae-d064d18e3a36-1&pdp_ext_f=%7B%22order%22%3A%22145%22%2C%22eval%22%3A%221%22%7D&pdp_npi=4%40dis%21EUR%214.42%214.39%21%21%214.78%214.74%21%402103919917439240446194639e94bc%2112000029305224391%21sea%21FR%212048486615%21X&curPageLogUid=H4Xgqd5Ae32x&utparam-url=scene%3Asearch%7Cquery_from%3A
 TC4428 ,2,2,4,https://fr.aliexpress.com/item/1005006912580387.html?spm=a2g0o.productlist.main.3.1b23743dpGKcxF&algo_pvid=8761dc94-d9c4-4340-a457-0a5efe09893d&algo_exp_id=8761dc94-d9c4-4340-a457-0a5efe09893d-1&pdp_ext_f=%7B%22order%22%3A%2227%22%2C%22eval%22%3A%221%22%7D&pdp_npi=4%40dis%21EUR%211.84%211.84%21%21%2114.42%2114.42%21%40210388c917439241809562386eaf48%2112000038705218121%21sea%21FR%212048486615%21X&curPageLogUid=mIisY8CuBouG&utparam-url=scene%3Asearch%7Cquery_from%3A
 IRF135B203 (or similar),2,5,10,
 4.7uF polymer capacitor ,10,0.8,8,https://fr.aliexpress.com/item/1005008476927781.html?spm=a2g0o.productlist.main.17.52324e65BBJi7C&algo_pvid=e2163e00-15c4-43da-822d-4983b6f17a13&algo_exp_id=e2163e00-15c4-43da-822d-4983b6f17a13-8&pdp_ext_f=%7B%22order%22%3A%22-1%22%2C%22eval%22%3A%221%22%7D&pdp_npi=4%40dis%21EUR%210.68%210.68%21%21%210.73%210.73%21%4021038e1e17439243133632471eb799%2112000045319282529%21sea%21FR%212048486615%21X&curPageLogUid=0PY1udEbR72y&utparam-url=scene%3Asearch%7Cquery_from%3A
 Buck converter ,1,2,2,https://fr.aliexpress.com/item/1005001711248152.html?spm=a2g0o.productlist.main.17.e3953d1ep7CM2x&algo_pvid=18c6b7a1-52fa-4df3-99a4-ec7d64122411&algo_exp_id=18c6b7a1-52fa-4df3-99a4-ec7d64122411-8&pdp_ext_f=%7B%22order%22%3A%2295%22%2C%22eval%22%3A%221%22%7D&pdp_npi=4%40dis%21EUR%212.06%212.06%21%21%212.23%212.23%21%402103892f17439243833803475e8996%2112000017250545600%21sea%21FR%212048486615%21X&curPageLogUid=ErttenXprnBE&utparam-url=scene%3Asearch%7Cquery_from%3A
 Acrylic sheet (3*235*635mm) ,1,20,20,hardware store
 Oled screen ,1,2.5,2.5,https://fr.aliexpress.com/item/1005004355547926.html?spm=a2g0o.productlist.main.5.574d3350KsQB1s&algo_pvid=8d4f0b7f-c8a7-416c-a471-03f5f50cf673&algo_exp_id=8d4f0b7f-c8a7-416c-a471-03f5f50cf673-2&pdp_ext_f=%7B%22order%22%3A%224293%22%2C%22eval%22%3A%221%22%7D&pdp_npi=4%40dis%21EUR%212.06%212.06%21%21%212.23%212.23%21%402103890117439244281643281e8c62%2112000029444147546%21sea%21FR%212048486615%21X&curPageLogUid=KhuREFzaK5t7&utparam-url=scene%3Asearch%7Cquery_from%3A
 L7812CV,1,2,2,https://fr.aliexpress.com/item/1005007531573602.html?spm=a2g0o.productlist.main.3.629f7d14aMeRih&algo_pvid=55adf6e8-1842-49af-baa6-cfe98543798e&algo_exp_id=55adf6e8-1842-49af-baa6-cfe98543798e-1&pdp_ext_f=%7B%22order%22%3A%22424%22%2C%22eval%22%3A%221%22%7D&pdp_npi=4%40dis%21EUR%211.54%211.54%21%21%2112.07%2112.07%21%40210384b217439245464315616eb0dc%2112000041177898915%21sea%21FR%212048486615%21X&curPageLogUid=R2iQ65EoZf6L&utparam-url=scene%3Asearch%7Cquery_from%3A
 JST connectors ,1,3,3,"https://fr.aliexpress.com/item/1005006498660940.html?spm=a2g0o.detail.pcDetailTopMoreOtherSeller.2.56b7XJLqXJLq83&gps-id=pcDetailTopMoreOtherSeller&scm=1007.40050.354490.0&scm_id=1007.40050.354490.0&scm-url=1007.40050.354490.0&pvid=597a57a8-7f44-4be9-9bf2-06d36794d5c5&_t=gps-id:pcDetailTopMoreOtherSeller,scm-url:1007.40050.354490.0,pvid:597a57a8-7f44-4be9-9bf2-06d36794d5c5,tpp_buckets:668%232846%238113%231998&pdp_ext_f=%7B%22order%22%3A%221667%22%2C%22eval%22%3A%221%22%2C%22sceneId%22%3A%2230050%22%7D&pdp_npi=4%40dis%21EUR%213.09%213.09%21%21%213.34%213.34%21%40211b815c17439245925194193e8530%2112000037425305640%21rec%21FR%212048486615%21XZ&utparam-url=scene%3ApcDetailTopMoreOtherSeller%7Cquery_from%3A"
 Banana connectors ,1,1.5,1.5,https://fr.aliexpress.com/item/1005006400659486.html?spm=a2g0o.productlist.main.11.7e4d5018h0XzHn&algo_pvid=88e17351-af5e-4e78-9dd1-f6c3fee2a9fc&algo_exp_id=88e17351-af5e-4e78-9dd1-f6c3fee2a9fc-5&pdp_ext_f=%7B%22order%22%3A%223676%22%2C%22eval%22%3A%221%22%7D&pdp_npi=4%40dis%21EUR%211.05%211.05%21%21%211.13%211.13%21%402103894417439246885092966e2ef6%2112000037033081001%21sea%21FR%212048486615%21X&curPageLogUid=X7XfafLViUnJ&utparam-url=scene%3Asearch%7Cquery_from%3A
 Wire diodes resistor ,1,5,5,
 Ceramic bearings ,2,6,12,https://fr.aliexpress.com/item/1005008350254851.html?spm=a2g0o.productlist.main.53.7fd6778dJFvMRW&algo_pvid=1b83fb7b-bc63-47f6-9aaa-b630cd76ee48&algo_exp_id=1b83fb7b-bc63-47f6-9aaa-b630cd76ee48-26&pdp_ext_f=%7B%22order%22%3A%22-1%22%2C%22eval%22%3A%221%22%7D&pdp_npi=4%40dis%21EUR%212.44%212.44%21%21%212.64%212.64%21%40211b6c1917439248663288626eff1a%2112000044691933413%21sea%21FR%212048486615%21X&curPageLogUid=3ifYZKyx7Qs3&utparam-url=scene%3Asearch%7Cquery_from%3A
 Bearings ,4,0,0,from ender3 rubber wheels
 PLA ~200g ,1,4,4,
Ender3,1,0,0,
,,,,
,,Total,220.5,
,,,,
,,,,
"0,2mm brass wire (100m)",5,2,10,https://fr.aliexpress.com/item/1005006203319769.html?algo_pvid=fe23dc84-36e1-49fc-addf-22b52382a6c1&algo_exp_id=fe23dc84-36e1-49fc-addf-22b52382a6c1-2&pdp_ext_f=%7B%22order%22%3A%22715%22%2C%22eval%22%3A%221%22%7D&pdp_npi=4%40dis%21EUR%212.37%212.37%21%21%2118.60%2118.60%21%40211b65de17439331920877503e1250%2112000036254573666%21sea%21FR%212048486615%21X&curPageLogUid=HvWjZ8sV5cst&utparam-url=scene%3Asearch%7Cquery_from%3A
"0,25mm brass wire (5kg)",1,110,110,https://fr.aliexpress.com/item/1005006169662498.html?spm=a2g0o.productlist.main.1.59df8ntn8ntnGa&algo_pvid=a01bf03c-9432-4ab6-9740-2caa8e9c3487&algo_exp_id=a01bf03c-9432-4ab6-9740-2caa8e9c3487-0&pdp_ext_f=%7B%22order%22%3A%221%22%2C%22eval%22%3A%221%22%7D&pdp_npi=4%40dis%21EUR%21140.44%2160.39%21%21%211101.49%21473.65%21%40211b6a7a17439321840801078e46cc%2112000036091227929%21sea%21FR%212048486615%21X&curPageLogUid=4kDjYQm3DZ3K&utparam-url=scene%3Asearch%7Cquery_from%3A
"0,18 molybdenum wire (2km)",1,40,40,https://fr.aliexpress.com/item/1005008417132381.html?spm=a2g0o.productlist.main.1.54bc54f1rLEsOD&algo_pvid=699e5bf7-99db-4ae7-883d-f0be27886207&algo_exp_id=699e5bf7-99db-4ae7-883d-f0be27886207-0&pdp_ext_f=%7B%22order%22%3A%22536%22%2C%22spu_best_type%22%3A%22price%22%2C%22eval%22%3A%221%22%2C%22orig_sl_item_id%22%3A%221005008417132381%22%2C%22orig_item_id%22%3A%221005006794617474%22%7D&pdp_npi=4%40dis%21EUR%2173.43%2136.79%21%21%2179.37%2139.77%21%40211b680e17439325564913368e4f9b%2112000044969029082%21sea%21FR%212048486615%21X&curPageLogUid=Eei0WI5yEiCT&utparam-url=scene%3Asearch%7Cquery_from%3A
